{"cameraMode":{"drawMode":0,"name":"Shaded","section":"Shading Mode"},"sceneLighting":true,"audioPlay":false,"sceneViewState":{"showFog":true,"showMaterialUpdate":false,"showSkybox":true,"showFlares":true,"showImageEffects":true,"showParticleSystems":true,"showVisualEffectGraphs":true,"m_FxEnabled":true},"in2DMode":false,"pivot":{"x":301.77447509765627,"y":-3.2305150032043459,"z":0.26021528244018557},"rotation":{"x":-0.005998826120048761,"y":-0.019498415291309358,"z":-0.00011699290189426392,"w":0.9997917413711548},"size":79.61038208007813,"orthographic":false}