{"cameraMode":{"drawMode":0,"name":"Shaded","section":"Shading Mode"},"sceneLighting":false,"audioPlay":false,"sceneViewState":{"showFog":true,"showMaterialUpdate":false,"showSkybox":false,"showFlares":true,"showImageEffects":true,"showParticleSystems":true,"showVisualEffectGraphs":true,"m_FxEnabled":true},"in2DMode":false,"pivot":{"x":1.5299999713897706,"y":0.6100000143051148,"z":0.22699999809265138},"rotation":{"x":-0.12529779970645905,"y":0.6613786816596985,"z":-0.11340059340000153,"w":-0.7307661175727844},"size":0.7732052206993103,"orthographic":false}